id,institution_id,owner_id,name,created_at,updated_at,teaching_hours,latest_test_time,has_student_with_scored_test
1,2,4,QA Sanity,2018-07-06 11:35:00,2018-07-06 11:35:00,6-10,,1
2,2,5,student_class_1,2018-07-06 11:49:00,2018-07-06 11:49:00,3-5,,0
4,2,6,skw1_test2,2018-07-06 12:22:00,2018-07-06 12:22:00,3-5,,0
5,2,4,new tell app release,2018-07-13 09:46:00,2018-07-13 09:46:00,3-5,,1
6,2,4,0.6.0.0,2018-07-18 12:58:00,2018-07-18 12:58:00,1-3,,1
7,3,7,Radiation 101,2018-07-19 10:23:00,2018-07-19 10:23:00,15+,,0
8,3,7,DCtest,2018-07-19 12:43:00,2019-01-31 09:09:00,11-15,2019-01-31 09:09:00,1
9,3,7,MGclass,2018-08-01 09:58:00,2018-08-01 09:58:00,15+,,0
10,2,4,0.7.0.0,2018-08-02 12:59:00,2018-08-02 13:16:00,3-5,2018-08-02 13:16:00,1
11,4,8,Gimnacio del Norte Class,2018-08-09 14:40:00,2018-08-31 16:10:00,6-10,2018-08-31 16:10:00,1
12,1,9,Class 1A,2018-08-10 08:42:00,2018-12-19 14:26:00,6-10,2018-08-13 15:18:00,1
20,1,9,Class 2C,2018-08-14 14:35:00,2018-12-19 14:26:00,3-5,,0
21,10,10,klasa1,2018-08-16 11:30:00,2018-08-16 11:30:00,1-3,,0
22,2,4,1.0.0.0 release,2018-08-17 10:35:00,2018-10-10 13:36:00,3-5,2018-10-10 13:36:00,1
23,13,34,Class 1A,2018-08-19 13:37:00,2018-12-20 12:32:00,15+,2018-12-20 12:32:00,1
24,13,34,Class 2B,2018-08-20 08:31:00,2018-08-24 10:23:00,6-10,2018-08-24 10:23:00,1
25,1,9,Class 5A,2018-08-20 13:22:00,2018-08-20 13:22:00,6-10,,0
26,17,35,class for CD,2018-08-21 07:21:00,2018-08-24 07:08:00,6-10,,0
27,11,39,testprodenv,2018-08-21 07:42:00,2018-08-21 09:41:00,11-15,2018-08-21 09:41:00,1
28,17,36,SkyEdu ,2018-08-22 07:21:00,2018-08-22 07:21:00,3-5,,0
29,14,15,5th A ,2018-08-22 09:48:00,2018-08-23 18:36:00,3-5,2018-08-23 18:36:00,1
30,13,34,Class 3A,2018-08-24 08:02:00,2018-10-10 14:35:00,3-5,2018-09-04 07:28:00,1
31,17,37,Helen Demo 1,2018-08-25 05:19:00,2019-04-16 03:58:00,6-10,2019-04-16 03:58:00,1
32,15,20,"6 \""A\""",2018-08-26 19:24:00,2018-08-28 14:33:00,6-10,2018-08-28 14:33:00,1
33,15,20,"6 \""B\""",2018-08-26 19:37:00,2018-08-29 15:08:00,6-10,2018-08-29 15:08:00,1
34,15,20,"6 \""C\""",2018-08-26 19:41:00,2018-08-29 19:01:00,6-10,2018-08-29 19:01:00,1
35,15,20,"6 \""D\""",2018-08-26 19:45:00,2018-09-06 19:51:00,6-10,2018-09-06 19:51:00,1
36,15,20,Adicionales,2018-08-26 19:55:00,2018-08-26 19:55:00,6-10,,0
37,2,4,1.0.0.2 release,2018-08-27 08:16:00,2018-08-27 08:56:00,3-5,2018-08-27 08:56:00,1
38,19,42,Academic Consultancy Unit,2018-08-28 16:08:00,2018-09-20 15:35:00,15+,2018-09-20 15:35:00,1
39,13,13,Test Class 1,2018-08-30 09:58:00,2018-08-30 09:58:00,6-10,,0
40,16,28,5Â°,2018-08-30 11:42:00,2018-09-06 19:46:00,6-10,2018-09-06 19:46:00,1
41,16,28,Backup,2018-08-30 12:05:00,2018-08-30 12:05:00,3-5,,0
42,11,46,TestProdEnv2,2018-08-30 12:06:00,2018-08-30 12:06:00,3-5,,0
43,20,44,1st Grade 2018,2018-08-30 16:15:00,2018-08-31 16:49:00,3-5,2018-08-31 16:49:00,1
44,20,44,2nd Grade 2018,2018-08-30 16:16:00,2018-08-31 17:10:00,3-5,2018-08-31 17:10:00,1
45,20,44,3rd Grade 2018,2018-08-30 16:16:00,2018-08-31 18:05:00,3-5,2018-08-31 18:05:00,1
46,20,44,4th Grade 2018,2018-08-30 16:16:00,2018-08-31 18:57:00,3-5,2018-08-31 18:57:00,1
47,20,44,5th Grade 2018,2018-08-30 16:16:00,2018-08-31 16:11:00,3-5,2018-08-31 16:11:00,1
48,20,44,6th Grade 2018,2018-08-30 16:17:00,2018-08-31 14:47:00,3-5,2018-08-31 14:47:00,1
49,19,43,Demo EB,2018-08-31 15:04:00,2018-08-31 17:21:00,3-5,2018-08-31 17:21:00,1
51,21,47,Demo Peru,2018-08-31 17:22:00,2018-08-31 17:22:00,3-5,,0
52,21,47,Colegio 10 de Mayo Reposicion,2018-08-31 17:51:00,2018-08-31 18:15:00,3-5,2018-08-31 18:15:00,1
53,2,4,1.1.1.0,2018-09-03 06:26:00,2018-10-10 13:05:00,11-15,2018-10-10 13:05:00,1
54,22,49,Instituto Tenayuca PEB  03 Septiembre 18,2018-09-03 08:56:00,2018-09-04 00:34:00,6-10,2018-09-03 18:53:00,1
55,21,47,Demo CA,2018-09-03 16:12:00,2018-09-06 16:28:00,3-5,2018-09-06 16:28:00,1
56,21,47,Test 2,2018-09-03 20:10:00,2018-09-03 20:10:00,3-5,,0
57,23,55,FRAY JUAN PRIMERO A,2018-09-04 01:38:00,2018-09-05 18:41:00,6-10,2018-09-05 18:41:00,1
58,23,55,FRAY JUAN PRIMERO B,2018-09-04 01:38:00,2018-09-05 18:37:00,6-10,2018-09-05 18:37:00,1
59,23,55,FRAY JUAN SEGUNDO A,2018-09-04 01:38:00,2018-09-05 18:43:00,6-10,2018-09-05 18:43:00,1
61,23,55,FRAY JUAN TERCERO A,2018-09-04 01:39:00,2018-09-05 14:57:00,6-10,2018-09-05 14:57:00,1
63,23,55,FRAY JUAN CUARTO A,2018-09-04 01:55:00,2018-09-05 14:01:00,6-10,2018-09-05 14:01:00,1
65,23,55,FRAY JUAN QUINTO A,2018-09-04 01:56:00,2018-09-05 18:37:00,6-10,2018-09-05 18:37:00,1
67,23,55,FRAY JUAN SEXTO A,2018-09-04 01:56:00,2018-09-05 19:26:00,6-10,2018-09-05 19:26:00,1
69,24,61,PIAVE PRIMERO A,2018-09-04 03:21:00,2018-09-19 15:11:00,11-15,2018-09-19 15:11:00,1
70,24,61,PIAVE PRIMERO B,2018-09-04 03:21:00,2018-09-19 15:09:00,11-15,2018-09-19 15:09:00,1
71,24,61,PIAVE SEGUNDO A,2018-09-04 03:22:00,2018-09-06 17:17:00,11-15,2018-09-06 17:17:00,1
72,24,61,PIAVE SEGUNDO B,2018-09-04 03:22:00,2018-09-19 14:58:00,11-15,2018-09-19 14:58:00,1
73,24,61,PIAVE TERCERO A,2018-09-04 03:22:00,2018-09-19 15:37:00,11-15,2018-09-19 15:37:00,1
74,24,61,PIAVE TERCERO B,2018-09-04 03:22:00,2018-09-06 17:34:00,11-15,2018-09-06 17:34:00,1
75,24,61,PIAVE CUARTO A,2018-09-04 03:23:00,2018-09-19 14:59:00,11-15,2018-09-19 14:59:00,1
76,24,61,PIAVE CUARTO B,2018-09-04 03:23:00,2018-09-19 15:34:00,11-15,2018-09-19 15:34:00,1
77,24,61,PIAVE QUINTO A,2018-09-04 03:23:00,2018-09-19 15:41:00,11-15,2018-09-19 15:41:00,1
78,24,61,PIAVE QUINTO B,2018-09-04 03:23:00,2018-09-06 14:16:00,11-15,2018-09-06 14:16:00,1
79,24,61,PIAVE SEXTO A,2018-09-04 03:24:00,2018-09-19 15:40:00,11-15,2018-09-19 15:40:00,1
80,24,61,PIAVE SEXTO B,2018-09-04 03:24:00,2018-09-06 15:00:00,11-15,2018-09-06 15:00:00,1
81,13,34,Class 3B,2018-09-04 08:01:00,2018-10-10 14:35:00,3-5,,0
82,13,67,Nick's English,2018-09-04 14:06:00,2018-09-04 14:06:00,6-10,,0
83,13,12,Ms Martin's test class 1,2018-09-06 10:40:00,2018-09-06 10:40:00,3-5,,0
84,2,4,expired test,2018-09-06 12:13:00,2018-09-06 12:13:00,3-5,,0
85,25,68,LaLoma_6toA,2018-09-06 13:09:00,2018-09-07 17:46:00,6-10,2018-09-07 17:46:00,1
86,25,68,LaLoma_2do A,2018-09-06 13:09:00,2018-09-07 15:40:00,3-5,2018-09-07 15:40:00,1
87,25,68,LaLoma_3ro A,2018-09-06 13:09:00,2018-09-07 16:24:00,6-10,2018-09-07 16:24:00,1
88,25,68,LaLoma_4toA,2018-09-06 13:09:00,2018-09-07 16:25:00,6-10,2018-09-07 16:25:00,1
89,25,68,LaLoma_5to A,2018-09-06 13:10:00,2018-09-07 17:44:00,6-10,2018-09-07 17:44:00,1
90,25,68,LaLoma_1roA,2018-09-06 13:10:00,2018-09-07 14:59:00,3-5,2018-09-07 14:59:00,1
91,25,68,LaLoma_2do B,2018-09-06 13:21:00,2018-09-07 15:39:00,6-10,2018-09-07 15:39:00,1
92,21,47,Demo TELL Internacional,2018-09-06 16:02:00,2018-09-06 19:50:00,3-5,2018-09-06 19:50:00,1
93,22,50,Prueba,2018-09-06 17:06:00,2018-09-06 17:06:00,1-3,,0
94,17,37,China Launch 2018,2018-09-07 07:21:00,2018-09-11 13:25:00,3-5,2018-09-11 13:25:00,1
95,13,84,Level 1,2018-09-10 08:57:00,2018-09-10 08:57:00,3-5,,0
96,13,84,Level 2,2018-09-10 09:12:00,2018-09-10 09:12:00,6-10,,0
97,13,84,Level 3,2018-09-10 09:31:00,2018-09-10 09:31:00,6-10,,0
98,13,84,Level 4,2018-09-10 09:36:00,2018-09-10 09:36:00,6-10,,0
99,13,84,Level 5,2018-09-10 09:45:00,2018-09-10 09:45:00,11-15,,0
100,13,12,Demo Class Level 1,2018-09-10 10:04:00,2018-09-10 10:04:00,1-3,,0
101,13,12,Demo Class Level 2,2018-09-10 10:08:00,2018-09-10 10:08:00,1-3,,0
102,13,12,Demo Class Level 3,2018-09-10 10:12:00,2018-09-10 10:12:00,6-10,,0
103,13,12,Demo Class Level4,2018-09-10 10:14:00,2018-09-27 16:13:00,6-10,,0
104,13,12,Demo Class Level 5,2018-09-10 10:16:00,2018-09-10 10:16:00,6-10,,0
105,26,73,BritAcademy_1_A,2018-09-10 13:47:00,2018-10-29 16:28:00,6-10,2018-10-29 16:28:00,1
106,26,73,BritAcademy_1_B,2018-09-10 13:50:00,2018-09-11 15:14:00,6-10,2018-09-11 15:14:00,1
107,26,73,BritAcademy_1_C,2018-09-10 13:53:00,2018-10-29 14:46:00,6-10,2018-10-29 14:46:00,1
108,26,73,BritAcademy_2_A,2018-09-10 13:56:00,2018-09-11 16:46:00,6-10,2018-09-11 16:46:00,1
109,26,73,BritAcademy_2_B,2018-09-10 14:00:00,2018-09-11 14:59:00,6-10,2018-09-11 14:59:00,1
110,26,73,BritAcademy_2_C,2018-09-10 14:03:00,2018-10-29 14:27:00,6-10,2018-10-29 14:27:00,1
111,26,73,BritAcademy_3_A,2018-09-10 14:08:00,2018-10-29 18:03:00,6-10,2018-10-29 18:03:00,1
112,26,73,BritAcademy_3_B,2018-09-10 14:11:00,2018-09-11 18:20:00,6-10,2018-09-11 18:20:00,1
113,21,47,Colegio Javier Pilot,2018-09-10 14:12:00,2018-09-12 16:18:00,3-5,2018-09-12 16:18:00,1
114,26,73,BritAcademy_4_A,2018-09-10 14:15:00,2018-09-12 14:07:00,6-10,2018-09-12 14:07:00,1
115,26,73,BritAcademy_4_B,2018-09-10 14:17:00,2018-09-12 15:07:00,6-10,2018-09-12 15:07:00,1
116,26,73,BritAcademy_5_A,2018-09-10 14:21:00,2018-10-29 15:20:00,6-10,2018-10-29 15:20:00,1
117,26,73,BritAcademy_5_B,2018-09-10 14:25:00,2018-09-12 17:27:00,6-10,2018-09-12 17:27:00,1
118,26,73,BritAcademy_6_A,2018-09-10 14:28:00,2018-09-12 18:14:00,6-10,2018-09-12 18:14:00,1
119,26,73,BritAcademy_6_B,2018-09-10 14:32:00,2018-09-12 19:03:00,6-10,2018-09-12 19:03:00,1
120,28,83,Bahcesehir deneme,2018-09-11 09:03:00,2018-09-11 09:03:00,1-3,,0
121,28,83,Bahcesehir Class-2,2018-09-11 10:37:00,2018-11-09 10:21:00,6-10,2018-11-09 10:21:00,1
122,28,83,Bahcesehir Class-3,2018-09-11 10:37:00,2018-11-09 10:42:00,6-10,2018-11-09 10:42:00,1
123,28,83,Bahcesehir Class-4,2018-09-11 10:37:00,2018-09-21 08:57:00,6-10,2018-09-21 08:57:00,1
124,28,83,Beylikduzu Class-2,2018-09-11 10:37:00,2018-09-13 07:44:00,6-10,2018-09-13 07:44:00,1
125,28,83,Beylikduzu Class-3,2018-09-11 10:37:00,2018-09-21 07:56:00,6-10,2018-09-21 07:56:00,1
126,28,83,Beylikduzu Class-4,2018-09-11 10:37:00,2018-09-21 07:49:00,6-10,2018-09-21 07:49:00,1
127,21,47,Distexa training,2018-09-11 16:45:00,2018-09-11 19:34:00,3-5,2018-09-11 19:34:00,1
128,27,78,Wozniak_1A,2018-09-13 02:28:00,2018-10-24 16:01:00,6-10,2018-10-24 16:01:00,1
129,27,78,Wozniak_2A,2018-09-13 02:32:00,2018-10-22 17:58:00,6-10,2018-10-22 17:58:00,1
130,27,78,Wozniak_3A,2018-09-13 02:34:00,2018-10-22 17:24:00,6-10,2018-10-22 17:24:00,1
131,27,78,Wozniak_4A,2018-09-13 02:37:00,2018-10-19 13:40:00,6-10,2018-10-19 13:40:00,1
132,27,78,Wozniak_5A,2018-09-13 02:39:00,2018-10-24 17:19:00,6-10,2018-10-24 17:19:00,1
133,27,78,Wozniak_6A,2018-09-13 02:42:00,2018-10-17 16:39:00,6-10,2018-10-17 16:39:00,1
134,2,4,1.2.0.0 release,2018-09-13 11:29:00,2018-09-13 12:22:00,3-5,2018-09-13 12:22:00,1
135,18,40,WEEK1 REPUBLICA ARABE DE EGIPTO 4th Grade,2018-09-14 12:04:00,2018-10-30 14:09:00,6-10,2018-10-30 14:09:00,1
136,18,40,WEEK1 REPUBLICA ARABE DE EGIPTO 5th Grade,2018-09-14 12:46:00,2018-10-30 16:16:00,6-10,2018-10-30 16:16:00,1
137,18,40,WEEK1 REPUBLICA DE LA INDIA 4th Grade,2018-09-14 14:00:00,2018-09-24 18:54:00,6-10,2018-09-24 18:54:00,1
138,18,40,WEEK1 REPUBLICA DE LA INDIA 5th Grade,2018-09-14 14:00:00,2018-09-26 15:27:00,6-10,2018-09-26 15:27:00,1
139,21,47,Colegio Javier Pilot 2,2018-09-17 13:53:00,2018-09-20 16:17:00,3-5,2018-09-20 16:17:00,1
140,29,90,Class 1A,2018-09-18 09:03:00,2018-10-09 10:16:00,1-3,2018-09-18 09:04:00,1
141,29,91,Class 1B,2018-09-18 09:03:00,2018-10-09 10:16:00,15+,2018-09-18 09:04:00,1
142,13,92,Stu's class,2018-09-18 22:44:00,2018-09-18 22:44:00,1-3,,0
143,13,92,guan lee's class,2018-09-18 23:23:00,2018-09-18 23:23:00,6-10,,0
144,17,35,Class for DengShiKou,2018-09-19 09:30:00,2018-09-28 02:28:00,3-5,2018-09-28 02:28:00,1
145,21,48,Demo Benchmark,2018-09-19 12:35:00,2018-09-19 12:35:00,3-5,,0
146,13,12,Netherlands demo,2018-09-20 14:04:00,2018-10-04 08:55:00,11-15,2018-10-04 08:55:00,1
147,17,35,iWorld English School,2018-09-21 05:09:00,2018-09-21 05:09:00,6-10,,0
148,17,35,New Oriental Group,2018-09-21 05:15:00,2018-10-10 06:31:00,6-10,2018-10-10 06:31:00,1
149,17,35,Shishangxunda ,2018-09-21 05:22:00,2018-10-09 03:51:00,6-10,2018-10-09 03:51:00,1
150,17,35,TAL Education Group,2018-09-21 05:25:00,2018-09-21 05:25:00,6-10,,0
151,17,35,Sirui ,2018-09-21 05:29:00,2018-09-21 05:29:00,6-10,,0
152,17,35,BeiWai International Education Group,2018-09-21 05:40:00,2018-09-21 05:40:00,6-10,,0
153,30,107,Cukurambar	2-A,2018-09-21 13:53:00,2019-02-19 06:32:00,6-10,2019-02-19 06:32:00,1
154,30,107,Cukurambar	2-B,2018-09-21 14:54:00,2019-02-19 06:33:00,6-10,2019-02-19 06:33:00,1
155,30,107,Cukurambar	2-C,2018-09-21 14:54:00,2019-02-19 06:31:00,6-10,2019-02-19 06:31:00,1
156,30,107,Cukurambar	3-A,2018-09-21 14:54:00,2019-02-19 06:49:00,6-10,2019-02-19 06:49:00,1
157,30,107,Cukurambar	3-B,2018-09-21 14:54:00,2019-02-19 06:41:00,6-10,2019-02-19 06:41:00,1
158,30,107,Cukurambar	3-C,2018-09-21 14:55:00,2019-02-19 06:37:00,6-10,2019-02-19 06:37:00,1
159,30,107,Cukurambar	3-D,2018-09-21 14:55:00,2019-02-19 06:42:00,6-10,2019-02-19 06:42:00,1
160,30,107,Cukurambar	4-A,2018-09-21 15:00:00,2019-02-19 07:34:00,6-10,2019-02-19 07:34:00,1
161,30,107,Cukurambar	4-B,2018-09-21 15:00:00,2019-02-19 06:37:00,6-10,2019-02-19 06:37:00,1
162,30,107,Cukurambar	4-C,2018-09-21 15:00:00,2019-01-16 11:53:00,6-10,2019-01-16 11:53:00,1
163,30,107,Cukurambar	5-A,2018-09-21 15:00:00,2019-02-19 07:37:00,6-10,2019-02-19 07:37:00,1
164,30,107,Cukurambar	5-B,2018-09-21 15:00:00,2019-02-19 07:38:00,6-10,2019-02-19 07:38:00,1
165,30,107,Cukurambar	5-C,2018-09-21 15:00:00,2019-02-19 09:13:00,6-10,2019-02-19 09:13:00,1
166,30,107,Cukurambar	6-A,2018-09-21 15:00:00,2019-02-19 09:14:00,6-10,2019-02-19 09:14:00,1
167,30,107,Cukurambar	6-B,2018-09-21 15:01:00,2019-02-19 07:41:00,6-10,2019-02-19 07:41:00,1
168,30,107,Cukurambar	7-A,2018-09-21 15:01:00,2019-02-19 07:46:00,6-10,2019-02-19 07:46:00,1
169,30,107,Cukurambar	7-B,2018-09-21 15:01:00,2019-02-19 09:21:00,6-10,2019-02-19 09:21:00,1
170,30,107,Cukurambar	7-C,2018-09-21 15:01:00,2019-02-19 09:16:00,6-10,2019-02-19 09:16:00,1
171,30,107,Umitkoy	2-A,2018-09-21 15:03:00,2019-02-28 11:49:00,6-10,2019-02-28 11:49:00,1
172,30,107,Umitkoy	2-B,2018-09-21 15:03:00,2019-02-20 11:32:00,6-10,2019-02-20 11:32:00,1
173,30,107,Umitkoy	2-C,2018-09-21 15:04:00,2019-02-28 12:00:00,6-10,2019-02-28 12:00:00,1
174,30,107,Umitkoy	3-A,2018-09-21 15:04:00,2019-02-20 12:32:00,6-10,2019-02-20 12:32:00,1
175,30,107,Umitkoy	3-B,2018-09-21 15:04:00,2019-02-28 12:01:00,6-10,2019-02-28 12:01:00,1
176,30,107,Umitkoy	4-A,2018-09-21 15:04:00,2019-04-17 08:45:00,6-10,2019-04-17 08:45:00,1
177,13,12,Training demo class,2018-09-21 15:04:00,2018-09-27 14:54:00,6-10,,1
178,18,40,WEEK6 SANTA ISABEL,2018-09-22 21:59:00,2018-10-30 19:21:00,6-10,2018-10-30 19:21:00,1
179,18,40,WEEK4 ESCUELA JOSE DEL C. MEJIA,2018-09-22 21:59:00,2018-10-30 18:32:00,6-10,2018-10-30 18:32:00,1
180,18,40,WEEK4 ESCUELA MARCO ALARCON,2018-09-22 23:47:00,2018-10-30 14:16:00,6-10,2018-10-30 14:16:00,1
181,18,40,WEEK6 ESCUELA SANTA FE,2018-09-22 23:50:00,2018-10-30 19:17:00,6-10,2018-10-30 19:17:00,1
182,18,40,WEEK6 C.E.B.G. CLÄºMACO DELGADO B.,2018-09-23 16:17:00,2018-10-30 16:09:00,6-10,2018-10-30 16:09:00,1
183,18,40,WEEK4 ESCUELA PRIMARIA ZAPALLAL,2018-09-23 16:22:00,2018-10-31 22:37:00,6-10,2018-10-31 22:37:00,1
185,21,47,MEP - Costa Rica,2018-09-24 19:54:00,2018-09-24 19:54:00,1-3,,0
187,32,115,Colegio Javier Pilot 3,2018-09-26 07:56:00,2018-11-08 13:57:00,3-5,2018-11-08 13:57:00,1
188,33,118,Class 1,2018-09-26 12:48:00,2019-01-23 16:23:00,3-5,2018-09-26 12:48:00,1
189,33,118,Class 2,2018-09-26 12:48:00,2019-01-24 12:43:00,6-10,2019-01-24 12:43:00,1
190,17,35,Global Vision Education,2018-09-27 02:15:00,2018-09-27 02:15:00,6-10,,0
191,31,108,Test class1,2018-09-27 10:18:00,2018-09-27 10:18:00,6-10,,0
192,31,108,Test class 2,2018-09-27 10:27:00,2018-09-27 10:27:00,3-5,,0
193,2,4,1.3.0.0 Release,2018-09-27 11:05:00,2018-09-27 11:41:00,6-10,2018-09-27 11:41:00,1
194,17,35,Pearson Shanghai ,2018-09-28 01:40:00,2018-10-29 03:46:00,6-10,2018-10-29 03:46:00,1
195,34,120,Cekmekoy 7-A,2018-09-28 06:30:00,2019-03-21 06:50:00,6-10,2019-03-21 06:50:00,1
196,34,120,Cekmekoy 6-A,2018-09-28 06:30:00,2019-03-21 08:25:00,6-10,2019-03-21 08:25:00,1
197,34,120,Cekmekoy 5-A,2018-09-28 06:31:00,2019-03-21 07:25:00,6-10,2019-03-21 07:25:00,1
198,34,120,Cekmekoy 4-A,2018-09-28 06:31:00,2019-03-05 06:55:00,6-10,2019-03-05 06:55:00,1
199,34,120,Cekmekoy 3-A,2018-09-28 06:31:00,2019-03-05 06:52:00,6-10,2019-03-05 06:52:00,1
200,34,120,Cekmekoy 2-A,2018-09-28 06:31:00,2019-03-05 07:35:00,6-10,2019-03-05 07:35:00,1
201,18,40,WEEK3 CEBG EL EMPALME,2018-09-30 22:36:00,2018-10-30 18:30:00,6-10,2018-10-30 18:30:00,1
202,18,40,WEEK3 CEBG FINCA 62,2018-09-30 22:36:00,2018-10-10 17:09:00,6-10,2018-10-10 17:09:00,1
203,18,40,WEEK3 CEBG MARIANO THOMAS,2018-09-30 22:36:00,2018-10-30 18:31:00,6-10,2018-10-30 18:31:00,1
204,21,47,Herradura Interview,2018-10-01 03:46:00,2018-10-09 22:49:00,6-10,2018-10-09 22:49:00,1
205,2,4,expired test after impl,2018-10-03 09:19:00,2018-10-03 09:19:00,1-3,,0
206,28,83,Bahcesehir Class-5A,2018-10-03 10:46:00,2018-11-09 09:54:00,6-10,2018-11-09 09:54:00,1
207,28,83,Bahcesehir Class-5B,2018-10-03 11:38:00,2018-11-09 09:41:00,6-10,2018-11-09 09:41:00,1
208,28,83,Bahcesehir Class-5C,2018-10-03 11:39:00,2018-10-12 07:54:00,6-10,2018-10-12 07:54:00,1
209,28,83,Bahcesehir Class-6A,2018-10-03 11:39:00,2018-11-09 09:43:00,6-10,2018-11-09 09:43:00,1
210,28,83,Bahcesehir Class-6B,2018-10-03 11:39:00,2018-10-04 09:05:00,6-10,2018-10-04 09:05:00,1
211,28,83,Bahcesehir Class-7A,2018-10-03 11:40:00,2018-10-04 10:22:00,6-10,2018-10-04 10:22:00,1
212,28,83,Bahcesehir Class-7B,2018-10-03 11:40:00,2018-10-12 10:23:00,6-10,2018-10-12 10:23:00,1
213,13,94,Demo Class Oct 4,2018-10-04 03:47:00,2018-10-12 03:49:00,1-3,2018-10-12 03:49:00,1
214,35,130,Class #1 with 30 students,2018-10-04 08:16:00,2018-10-04 08:16:00,3-5,2018-10-04 08:16:00,1
215,35,129,Class #2 with 30 students,2018-10-04 08:16:00,2019-03-05 09:48:00,1-3,2018-10-04 08:16:00,1
216,36,134,Class #1 with 30 students,2018-10-04 08:16:00,2018-10-04 08:16:00,11-15,2018-10-04 08:16:00,1
217,36,133,Class #2 with 30 students,2018-10-04 08:16:00,2018-10-04 08:16:00,6-10,2018-10-04 08:16:00,1
218,37,138,Class 1A,2018-10-04 08:17:00,2018-10-09 11:29:00,6-10,2018-10-04 08:17:00,1
219,37,138,Class 1B,2018-10-04 08:17:00,2018-10-09 11:30:00,15+,2018-10-04 08:17:00,1
220,38,141,Class #1 with 30 students,2018-10-04 08:18:00,2018-10-04 08:18:00,3-5,2018-10-04 08:18:00,1
221,38,142,Class #2 with 30 students,2018-10-04 08:18:00,2018-10-04 08:18:00,6-10,2018-10-04 08:18:00,1
222,39,146,Class #1 with 30 students,2018-10-04 08:18:00,2018-10-04 08:18:00,1-3,2018-10-04 08:18:00,1
223,39,145,Class #2 with 30 students,2018-10-04 08:18:00,2018-10-04 08:18:00,1-3,2018-10-04 08:18:00,1
224,40,150,Class #1 with 30 students,2018-10-04 08:19:00,2018-10-04 08:19:00,11-15,2018-10-04 08:19:00,1
225,40,149,Class #2 with 30 students,2018-10-04 08:19:00,2018-10-04 08:19:00,3-5,2018-10-04 08:19:00,1
226,28,83,Beylikduzu Class-5A,2018-10-04 13:30:00,2018-10-12 09:18:00,6-10,2018-10-12 09:18:00,1
227,28,83,Beylikduzu Class-5B,2018-10-04 13:40:00,2018-10-05 07:15:00,6-10,2018-10-05 07:15:00,1
228,28,83,Beylikduzu Class-6A,2018-10-04 13:40:00,2018-10-12 09:12:00,6-10,2018-10-12 09:12:00,1
229,28,83,Beylikduzu Class-6B,2018-10-04 13:40:00,2018-10-05 07:58:00,6-10,2018-10-05 07:58:00,1
230,28,83,Beylikduzu Class-7A,2018-10-04 13:40:00,2018-10-05 08:37:00,6-10,2018-10-05 08:37:00,1
231,28,83,Beylikduzu Class-7B,2018-10-04 13:40:00,2018-10-05 10:35:00,6-10,2018-10-05 10:35:00,1
232,28,83,Beylikduzu Class-7C,2018-10-04 13:40:00,2018-11-09 08:20:00,6-10,2018-11-09 08:20:00,1
233,28,83,Test Pearson,2018-10-04 13:47:00,2018-10-04 13:48:00,6-10,,0
234,41,151,Test,2018-10-10 14:09:00,2018-11-16 18:17:00,3-5,2018-11-16 18:17:00,1
236,13,94,Pearson Japan Internal use,2018-10-11 06:17:00,2019-03-03 06:53:00,1-3,2019-02-21 03:28:00,1
237,2,4,check bl all,2018-10-11 09:36:00,2018-10-11 09:36:00,1-3,,0
238,13,94,South Korea Demo Class #1,2018-10-12 02:47:00,2019-04-29 04:32:00,1-3,2019-04-29 04:32:00,1
239,17,35,Shanghai Experimental School International Division,2018-10-12 08:27:00,2018-10-12 08:27:00,6-10,,0
240,21,47,Demo Interno PerÃº,2018-10-12 15:32:00,2018-10-12 15:32:00,6-10,,0
241,18,40,WEEK5 ESCUELA CARLOS CLEMENT,2018-10-15 00:20:00,2018-10-30 16:10:00,6-10,2018-10-30 16:10:00,1
242,18,40,WEEK5  ESCUELA PABLO AROSEMENA,2018-10-15 00:25:00,2018-10-30 19:17:00,6-10,2018-10-30 19:17:00,1
244,18,40,WEEK5 ESCUELA ENRIQUE GENZIER,2018-10-15 00:41:00,2018-10-24 17:27:00,6-10,2018-10-24 17:27:00,1
247,18,40,WEEK5 ESCUELA MANUEL URBANO AYARZA,2018-10-15 01:23:00,2018-10-30 16:01:00,6-10,2018-10-30 16:01:00,1
248,17,35,çˆ±è´,2018-10-15 08:33:00,2018-10-15 08:33:00,6-10,,0
249,17,35,ABIE for Miller,2018-10-15 08:35:00,2018-10-15 08:35:00,6-10,,0
250,2,4,1.4.1.0,2018-10-15 10:29:00,2018-10-15 10:55:00,1-3,2018-10-15 10:55:00,1
251,17,154,Test1,2018-10-16 01:38:00,2018-10-16 01:38:00,6-10,,0
252,17,35,Test1,2018-10-16 02:23:00,2018-10-16 02:23:00,6-10,,0
253,17,35,51talk for Ellen,2018-10-16 06:38:00,2018-10-16 06:38:00,6-10,,0
254,33,116,Marketing,2018-10-19 08:19:00,2018-10-19 08:19:00,6-10,,0
255,31,109,Assessment team,2018-10-19 08:32:00,2018-10-19 08:32:00,11-15,,0
256,21,47,October 23rd - Panama Event,2018-10-22 17:03:00,2018-10-22 17:03:00,6-10,,0
257,33,118,Class 3,2018-10-23 17:43:00,2019-01-23 16:24:00,3-5,,0
259,17,154,Level 1,2018-10-24 05:29:00,2018-10-24 06:42:00,3-5,2018-10-24 06:42:00,1
260,17,154,level 2,2018-10-24 06:03:00,2018-10-24 06:03:00,6-10,,0
261,17,35,Pearson Shanghai For Ouwen,2018-10-24 09:25:00,2018-11-18 10:08:00,6-10,2018-11-18 10:08:00,1
262,42,159,Class #1 with 30 students,2018-10-24 14:22:00,2018-10-24 14:22:00,6-10,2018-10-24 14:22:00,1
263,42,160,Class #2 with 30 students,2018-10-24 14:22:00,2018-10-24 14:22:00,11-15,2018-10-24 14:22:00,1
264,43,163,Class #1 with 30 students,2018-10-24 14:23:00,2018-10-24 14:23:00,1-3,2018-10-24 14:23:00,1
265,43,164,Class #2 with 30 students,2018-10-24 14:23:00,2018-10-24 14:23:00,1-3,2018-10-24 14:23:00,1
266,44,168,Class #1 with 30 students,2018-10-24 14:24:00,2018-10-24 14:24:00,11-15,2018-10-24 14:24:00,1
267,44,167,Class #2 with 30 students,2018-10-24 14:24:00,2018-10-24 14:24:00,6-10,2018-10-24 14:24:00,1
268,45,172,Class #1 with 30 students,2018-10-24 14:25:00,2018-10-24 14:25:00,1-3,2018-10-24 14:25:00,1
269,45,171,Class #2 with 30 students,2018-10-24 14:25:00,2018-10-24 14:25:00,1-3,2018-10-24 14:25:00,1
270,46,175,Class #1 with 30 students,2018-10-24 14:26:00,2018-10-24 14:26:00,15+,2018-10-24 14:26:00,1
271,46,176,Class #2 with 30 students,2018-10-24 14:26:00,2018-10-24 14:26:00,11-15,2018-10-24 14:26:00,1
272,47,179,Class #1 with 30 students,2018-10-24 14:27:00,2018-10-24 14:27:00,1-3,2018-10-24 14:27:00,1
273,47,179,Class #2 with 30 students,2018-10-24 14:27:00,2018-10-24 14:28:00,3-5,2018-10-24 14:28:00,1
274,48,183,Class #1 with 30 students,2018-10-24 14:29:00,2018-10-24 14:29:00,6-10,2018-10-24 14:29:00,1
275,48,183,Class #2 with 30 students,2018-10-24 14:29:00,2018-10-24 14:29:00,11-15,2018-10-24 14:29:00,1
276,49,188,Class #1 with 30 students,2018-10-24 14:30:00,2018-10-24 14:30:00,1-3,2018-10-24 14:30:00,1
277,49,187,Class #2 with 30 students,2018-10-24 14:30:00,2018-10-24 14:30:00,15+,2018-10-24 14:30:00,1
278,50,191,Class #1 with 30 students,2018-10-24 14:31:00,2018-10-24 14:31:00,3-5,2018-10-24 14:31:00,1
279,50,191,Class #2 with 30 students,2018-10-24 14:31:00,2018-10-24 14:31:00,11-15,2018-10-24 14:31:00,1
280,51,195,Class #1 with 30 students,2018-10-24 14:32:00,2018-10-24 14:32:00,1-3,2018-10-24 14:32:00,1
281,51,196,Class #2 with 30 students,2018-10-24 14:32:00,2018-10-24 14:32:00,15+,2018-10-24 14:32:00,1
282,17,153,122,2018-10-29 03:52:00,2018-10-29 03:52:00,3-5,,0
283,13,156,Portfolio China,2018-10-29 03:53:00,2018-10-29 03:53:00,1-3,,0
284,17,154,121,2018-10-29 06:37:00,2018-10-29 09:15:00,3-5,2018-10-29 09:15:00,1
285,2,4,1.5.0.0,2018-10-29 11:23:00,2018-10-29 11:47:00,3-5,2018-10-29 11:47:00,1
286,13,94,ESJ Demo,2018-10-30 05:25:00,2018-10-30 05:25:00,1-3,,0
287,17,35,åŒ—äº¬ç²¾è¯šå­¦æ ¡ for Ellen,2018-11-01 08:57:00,2018-11-01 08:57:00,3-5,,0
288,33,116,Training 1,2018-11-01 12:24:00,2019-01-16 19:18:00,6-10,2019-01-16 19:18:00,1
289,54,208,Erkan Ulu 5-A,2018-11-02 10:29:00,2019-03-12 06:32:00,6-10,2019-03-12 06:32:00,1
290,54,208,Erkan Ulu 5-B,2018-11-02 10:29:00,2019-03-12 06:25:00,6-10,2019-03-12 06:25:00,1
291,54,208,Erkan Ulu 6-A,2018-11-02 10:30:00,2019-03-12 06:29:00,6-10,2019-03-12 06:29:00,1
292,54,208,Erkan Ulu 6-B,2018-11-02 10:30:00,2019-03-12 06:33:00,6-10,2019-03-12 06:33:00,1
293,54,208,Erkan Ulu 6-C,2018-11-02 10:30:00,2019-03-12 07:00:00,6-10,2019-03-12 07:00:00,1
294,43,161,ELTon Level 1,2018-11-02 10:51:00,2018-11-02 10:52:00,1-3,,0
295,43,161,ELTon Level 2,2018-11-02 10:51:00,2018-11-02 10:51:00,3-5,,0
296,43,161,ELTon Level 3,2018-11-02 10:52:00,2018-11-02 10:52:00,6-10,,0
297,43,161,ELTon Level 4,2018-11-02 10:52:00,2018-11-02 10:52:00,11-15,,0
298,43,161,ELTon Level 5,2018-11-02 10:52:00,2018-11-02 10:52:00,15+,,0
303,53,209,Pearson Class,2018-11-03 07:22:00,2018-11-03 07:22:00,6-10,,0
304,54,208,Test,2018-11-05 10:47:00,2018-11-05 10:47:00,6-10,,0
305,39,143,irmak_Istanbul Campus-1-A,2018-11-05 14:12:00,2018-11-05 14:14:00,1-3,,0
306,39,143,irmak_Ankara Campus-1-A,2018-11-05 14:15:00,2019-02-22 11:33:00,1-3,,0
307,40,147,Malaysia DEMO,2018-11-06 01:45:00,2018-11-14 10:53:00,1-3,2018-11-14 10:53:00,1
308,40,148,Vietnam DEMO,2018-11-06 05:04:00,2018-11-06 05:04:00,1-3,,0
309,55,211,2A,2018-11-06 06:00:00,2019-02-28 07:16:00,6-10,2019-02-28 07:16:00,1
310,55,211,2B,2018-11-06 06:00:00,2019-03-01 08:02:00,6-10,2019-03-01 08:02:00,1
311,55,211,3A,2018-11-06 06:01:00,2019-03-01 08:03:00,6-10,2019-03-01 08:03:00,1
312,55,211,3B,2018-11-06 06:01:00,2019-02-28 08:53:00,6-10,2019-02-28 08:53:00,1
313,55,211,3C,2018-11-06 06:01:00,2019-02-28 09:47:00,6-10,2019-02-28 09:47:00,1
314,55,211,4A,2018-11-06 06:01:00,2019-02-28 10:35:00,6-10,2019-02-28 10:35:00,1
315,55,211,4B,2018-11-06 06:01:00,2019-02-28 11:16:00,6-10,2019-02-28 11:16:00,1
316,55,211,5A,2018-11-06 06:01:00,2019-02-28 11:31:00,6-10,2019-02-28 11:31:00,1
317,55,211,5B,2018-11-06 06:01:00,2019-02-28 12:19:00,6-10,2019-02-28 12:19:00,1
318,55,211,6A,2018-11-06 06:01:00,2019-02-28 13:13:00,6-10,2019-02-28 13:13:00,1
319,55,211,6B,2018-11-06 06:02:00,2019-02-28 13:11:00,6-10,2019-02-28 13:11:00,1
320,55,211,7A,2018-11-06 06:02:00,2019-03-01 07:38:00,6-10,2019-03-01 07:38:00,1
321,55,211,7B,2018-11-06 06:02:00,2019-03-01 08:19:00,6-10,2019-03-01 08:19:00,1
322,52,199,Year 1,2018-11-06 07:13:00,2019-04-28 10:25:00,11-15,2019-04-28 10:25:00,1
323,52,199,Year 2,2018-11-06 07:45:00,2019-04-28 10:23:00,11-15,2019-04-28 10:23:00,1
324,52,199,Year 3,2018-11-06 07:47:00,2018-11-07 07:33:00,11-15,2018-11-07 07:33:00,1
325,52,199,Year 4,2018-11-06 07:52:00,2018-11-07 07:32:00,11-15,2018-11-07 07:32:00,1
326,52,199,Year 5,2018-11-06 07:55:00,2018-11-07 06:30:00,11-15,2018-11-07 06:30:00,1
327,52,199,Year 6,2018-11-06 07:59:00,2018-11-07 06:41:00,11-15,2018-11-07 06:41:00,1
328,52,199,Year 7,2018-11-06 08:02:00,2018-11-07 05:41:00,11-15,2018-11-07 05:41:00,1
329,52,199,Year 8,2018-11-06 08:05:00,2018-11-07 05:30:00,11-15,2018-11-07 05:30:00,1
330,52,199,Year 9,2018-11-06 08:06:00,2018-11-06 08:06:00,11-15,,0
331,17,35,ä½œä¸šç½‘ For Ellen,2018-11-07 03:22:00,2018-11-07 03:22:00,6-10,,0
332,13,94,KSD--unused,2018-11-07 08:25:00,2019-03-03 06:53:00,1-3,,0
334,13,94,KSD Demo,2018-11-07 08:51:00,2018-11-17 03:30:00,1-3,2018-11-17 03:30:00,1
336,29,90,Demo Evento MePro,2018-11-07 19:16:00,2018-11-09 16:43:00,6-10,2018-11-09 16:43:00,1
337,18,40,Alejandro Tapia,2018-11-08 17:21:00,2018-11-08 17:21:00,6-10,,1
338,18,40,Adolfo Fabrega,2018-11-08 17:23:00,2018-11-08 17:23:00,6-10,,1
339,18,40,Hipolito Perez,2018-11-08 17:24:00,2018-11-08 17:24:00,6-10,,1
340,18,40,John F. Kennedy,2018-11-08 17:24:00,2018-11-08 17:24:00,6-10,,1
341,18,40,Juana Vernaza,2018-11-08 17:25:00,2018-11-08 17:25:00,6-10,,1
342,18,40,Kuna Nega,2018-11-08 17:25:00,2018-11-08 17:25:00,6-10,,1
343,18,40,La Compania,2018-11-08 17:25:00,2018-11-08 17:25:00,6-10,,1
344,18,40,Los Andes,2018-11-08 17:25:00,2018-11-08 17:25:00,6-10,,1
345,18,40,Presidente Porras,2018-11-08 17:25:00,2018-11-08 17:25:00,6-10,,1
346,18,40,Republica de Chile,2018-11-08 17:26:00,2018-11-08 17:26:00,6-10,,1
347,18,40,Republica Dominicana,2018-11-08 17:26:00,2018-11-08 17:26:00,6-10,,1
348,18,40,Romulo Arrocha,2018-11-08 17:26:00,2018-11-08 17:26:00,6-10,,1
349,19,42,Encuentro Nacional de CapacitaciÃ³n,2018-11-09 14:38:00,2018-11-09 14:38:00,3-5,,0
350,44,167,Helen Created on 20181112,2018-11-12 00:25:00,2018-11-12 00:25:00,3-5,,0
351,17,35,Pearson Shanghai For Ouwen,2018-11-14 09:26:00,2018-11-14 09:26:00,3-5,,0
352,17,35,Zhuhai Dulwich School For Chrissie,2018-11-15 01:43:00,2018-11-15 01:43:00,3-5,,0
353,13,94,HS M Pilot Nov 2018--4th Grade,2018-11-16 00:25:00,2019-03-03 07:03:00,1-3,2018-11-21 00:05:00,1
354,13,94,HS T Pilot Nov 2018--4th Grade,2018-11-16 01:28:00,2019-03-03 07:03:00,1-3,2018-11-21 00:47:00,1
355,41,151,ASAS Argentina,2018-11-16 16:06:00,2018-11-17 13:08:00,3-5,2018-11-17 13:08:00,1
356,17,35,Sichun Aisam Forr Chrissie,2018-11-19 06:16:00,2018-11-22 11:52:00,3-5,2018-11-22 11:52:00,1
357,17,35,Sichun Meishan For Chrissie,2018-11-19 06:23:00,2018-11-19 06:23:00,3-5,,0
358,57,223,ATAKENT-5A,2018-11-19 07:53:00,2018-11-21 10:16:00,6-10,2018-11-21 10:16:00,1
359,57,223,ATAKENT-5B,2018-11-19 07:56:00,2018-11-21 11:04:00,6-10,2018-11-21 11:04:00,1
360,57,223,ATAKENT-5C,2018-11-19 07:57:00,2018-12-05 12:05:00,6-10,2018-12-05 12:05:00,1
361,56,224,skw111,2018-11-19 14:29:00,2018-11-19 14:58:00,15+,2018-11-19 14:58:00,1
362,38,141,Versant,2018-11-20 00:25:00,2018-11-20 00:25:00,1-3,,0
363,17,225,Level1,2018-11-21 08:03:00,2018-11-21 08:03:00,1-3,,0
364,17,225,Level2,2018-11-21 08:27:00,2018-11-21 08:27:00,3-5,,0
365,2,201,new class,2018-11-21 10:28:00,2018-11-21 10:28:00,1-3,,0
366,18,40,EB TEST FOR PC EMULATORS,2018-11-22 04:04:00,2018-11-22 04:42:00,11-15,2018-11-22 04:42:00,1
367,33,116,Publishers mixed class,2018-11-22 12:08:00,2018-11-22 12:08:00,15+,,0
368,17,35,ä¼´é±¼ For Jill,2018-11-23 03:24:00,2019-02-15 10:13:00,3-5,2019-02-15 10:13:00,1
369,2,201,1.6.0.0,2018-11-26 11:24:00,2018-11-26 11:50:00,1-3,2018-11-26 11:50:00,1
370,17,35,BJ Pearson for HanRong,2018-11-27 06:05:00,2018-11-27 06:05:00,3-5,,0
372,53,203,class 1,2018-11-28 05:31:00,2018-12-13 02:52:00,6-10,2018-12-13 02:52:00,1
373,53,203,class 2,2018-11-28 05:32:00,2018-11-28 05:32:00,6-10,,0
375,13,94,Korea Pilot Level check,2018-11-29 07:54:00,2018-11-29 07:54:00,1-3,,0
376,13,94,Korea Herald Demo,2018-11-29 08:16:00,2018-11-29 08:16:00,1-3,,0
377,58,233,Class #1 with 30 students,2018-11-30 13:09:00,2018-11-30 13:09:00,3-5,2018-11-30 13:09:00,1
378,58,233,Class #2 with 30 students,2018-11-30 13:09:00,2018-11-30 13:09:00,1-3,2018-11-30 13:09:00,1
379,59,236,Class #1 with 30 students,2018-11-30 13:09:00,2018-11-30 13:10:00,6-10,2018-11-30 13:10:00,1
380,59,236,Class #2 with 30 students,2018-11-30 13:09:00,2018-11-30 13:10:00,11-15,2018-11-30 13:10:00,1
381,60,240,Class #1 with 30 students,2018-11-30 13:10:00,2018-11-30 13:10:00,15+,2018-11-30 13:10:00,1
382,60,241,Class #2 with 30 students,2018-11-30 13:10:00,2018-11-30 13:10:00,3-5,2018-11-30 13:10:00,1
383,61,245,Class #1 with 30 students,2018-11-30 13:11:00,2018-11-30 13:11:00,1-3,2018-11-30 13:11:00,1
384,61,245,Class #2 with 30 students,2018-11-30 13:11:00,2018-11-30 13:11:00,1-3,2018-11-30 13:11:00,1
385,62,249,Class #1 with 30 students,2018-11-30 13:11:00,2018-11-30 13:11:00,11-15,2018-11-30 13:11:00,1
386,62,249,Class #2 with 30 students,2018-11-30 13:11:00,2018-11-30 13:11:00,11-15,2018-11-30 13:11:00,1
387,63,253,Class #1 with 30 students,2018-11-30 13:12:00,2018-11-30 13:12:00,11-15,2018-11-30 13:12:00,1
388,63,252,Class #2 with 30 students,2018-11-30 13:12:00,2018-11-30 13:12:00,3-5,2018-11-30 13:12:00,1
389,64,256,Class #1 with 30 students,2018-11-30 13:12:00,2018-11-30 13:12:00,3-5,2018-11-30 13:12:00,1
390,64,256,Class #2 with 30 students,2018-11-30 13:12:00,2018-11-30 13:12:00,11-15,2018-11-30 13:12:00,1
391,65,261,Class #1 with 30 students,2018-11-30 13:13:00,2018-11-30 13:13:00,15+,2018-11-30 13:13:00,1
392,65,260,Class #2 with 30 students,2018-11-30 13:13:00,2018-11-30 13:13:00,11-15,2018-11-30 13:13:00,1
393,66,265,Class #1 with 30 students,2018-11-30 13:13:00,2018-11-30 13:13:00,1-3,2018-11-30 13:13:00,1
394,66,265,Class #2 with 30 students,2018-11-30 13:13:00,2018-11-30 13:13:00,3-5,2018-11-30 13:13:00,1
395,67,268,Class #1 with 30 students,2018-11-30 13:14:00,2018-11-30 13:14:00,15+,2018-11-30 13:14:00,1
396,67,269,Class #2 with 30 students,2018-11-30 13:14:00,2018-11-30 13:14:00,1-3,2018-11-30 13:14:00,1
397,68,272,Class #1 with 30 students,2018-11-30 13:14:00,2018-11-30 13:14:00,1-3,2018-11-30 13:14:00,1
398,68,272,Class #2 with 30 students,2018-11-30 13:14:00,2018-11-30 13:14:00,15+,2018-11-30 13:14:00,1
399,69,276,Class #1 with 30 students,2018-11-30 13:15:00,2018-11-30 13:15:00,1-3,2018-11-30 13:15:00,1
400,69,277,Class #2 with 30 students,2018-11-30 13:15:00,2018-11-30 13:15:00,11-15,2018-11-30 13:15:00,1
401,70,280,Class #1 with 30 students,2018-11-30 13:15:00,2018-11-30 13:15:00,6-10,2018-11-30 13:15:00,1
402,70,281,Class #2 with 30 students,2018-11-30 13:15:00,2019-03-25 11:41:00,3-5,2019-03-25 11:41:00,1
403,40,147,Thailand DEMO,2018-12-01 01:50:00,2018-12-01 01:50:00,3-5,,0
404,40,147,Korea demo,2018-12-05 07:53:00,2019-03-15 02:44:00,3-5,2019-03-15 02:44:00,1
405,13,94,100 Classic Pilot,2018-12-06 00:02:00,2018-12-06 00:02:00,1-3,,0
406,2,201,odd level,2018-12-07 12:51:00,2018-12-07 14:23:00,1-3,2018-12-07 14:23:00,1
407,13,284,Jesper Grade 9,2018-12-09 20:47:00,2019-02-25 18:32:00,3-5,2019-02-25 18:32:00,1
408,2,4,1.7.0.0,2018-12-10 11:33:00,2018-12-10 11:59:00,1-3,2018-12-10 11:59:00,1
409,37,137,Class 3A,2018-12-11 09:39:00,2019-01-17 14:45:00,3-5,2019-01-17 14:45:00,1
410,17,35,ä¸‡æº For Tina,2018-12-12 06:51:00,2018-12-12 06:51:00,3-5,,0
411,2,4,1.8.1.0,2018-12-19 11:40:00,2018-12-19 12:06:00,1-3,2018-12-19 12:06:00,1
412,71,283,Pilot Test A,2018-12-20 07:01:00,2018-12-21 04:48:00,1-3,2018-12-21 04:48:00,1
414,71,283,Pilot Test B,2018-12-20 07:24:00,2018-12-21 05:25:00,1-3,2018-12-21 05:25:00,1
415,71,283,Pilot Test C,2018-12-20 07:29:00,2018-12-21 05:15:00,1-3,2018-12-21 05:15:00,1
416,71,283,Pilot Test D,2018-12-20 07:32:00,2018-12-21 04:38:00,1-3,2018-12-21 04:38:00,1
417,71,283,Pilot Test E,2018-12-20 07:35:00,2018-12-21 05:14:00,1-3,2018-12-21 05:14:00,1
418,2,4,level 5 and 4 test,2018-12-20 11:54:00,2018-12-20 14:59:00,3-5,2018-12-20 14:59:00,1
419,71,283,Test 1,2018-12-21 03:37:00,2018-12-21 03:37:00,1-3,,0
420,40,147,ID Class,2018-12-21 06:23:00,2018-12-21 06:23:00,3-5,,0
421,71,283,MEA Sutera Utama Placement Test,2018-12-28 11:10:00,2019-04-27 07:36:00,1-3,2019-04-27 07:36:00,1
422,71,291,test 1,2019-01-03 08:37:00,2019-01-03 08:37:00,1-3,,0
423,71,283,MEA Gaya Year 1 Camel,2019-01-04 10:53:00,2019-01-16 11:51:00,1-3,2019-01-16 11:51:00,1
424,71,283,MEA Gaya Year 2 Ape,2019-01-04 10:56:00,2019-01-11 06:28:00,1-3,2019-01-11 06:28:00,1
425,71,283,MEA Gaya Year 3 Beaver,2019-01-04 11:00:00,2019-01-16 11:58:00,1-3,2019-01-16 11:58:00,1
426,17,35,Learning Education for Jingwen,2019-01-08 05:45:00,2019-01-08 05:45:00,6-10,,0
427,17,35,ä¸Šæµ·å’Œå¹³åŒè¯­å­¦æ ¡ For Alison,2019-01-08 08:38:00,2019-01-20 05:32:00,1-3,2019-01-20 05:32:00,1
428,71,283,MEA Sutera Year 3 Dragonfly,2019-01-08 11:44:00,2019-01-12 10:27:00,1-3,2019-01-12 10:27:00,1
429,71,283,MEA Sutera Year 5 Avocado,2019-01-08 11:45:00,2019-01-10 12:45:00,1-3,2019-01-10 12:45:00,1
430,13,94,ECC_SK_JAN_2019,2019-01-09 07:34:00,2019-01-23 07:51:00,1-3,2019-01-23 07:51:00,1
431,12,11,Testing Pending license,2019-01-10 10:07:00,2019-01-10 10:07:00,3-5,,0
432,17,35,åŒ—å¤–é’å°‘ For Ellen,2019-01-11 02:32:00,2019-01-24 07:07:00,3-5,2019-01-24 07:07:00,1
433,71,283,MEA Gaya Year 4 Dolphin,2019-01-11 03:32:00,2019-01-12 05:27:00,1-3,2019-01-12 05:27:00,1
434,44,165,Class 3A,2019-01-11 04:40:00,2019-01-11 04:40:00,3-5,,0
435,44,165,L 1,2019-01-11 04:41:00,2019-01-11 04:41:00,3-5,,0
437,71,283,MEA Sutera Year 1 Garfield,2019-01-15 07:59:00,2019-01-16 07:16:00,1-3,2019-01-16 07:16:00,1
438,71,283,MEA Seri Alam Year 2 Lady Bug,2019-01-15 08:10:00,2019-02-23 04:05:00,1-3,2019-02-23 04:05:00,1
439,71,283,MEA Gaya Placement Test,2019-01-15 08:27:00,2019-03-02 02:51:00,1-3,2019-03-02 02:51:00,1
440,71,283,MEA Mount Austin Placement Test,2019-01-15 08:27:00,2019-03-08 08:31:00,1-3,2019-03-08 08:31:00,1
441,71,283,MEA Setia Eco Year 3 Dill,2019-01-16 02:20:00,2019-01-18 10:10:00,1-3,2019-01-18 10:10:00,1
442,75,300,Class From Teacher,2019-01-16 21:16:00,2019-01-16 21:16:00,11-15,,0
443,71,283,MEA Sutera Year 6 Quillfish,2019-01-17 07:43:00,2019-01-17 09:06:00,1-3,2019-01-17 09:06:00,1
444,17,35,Rebecca Class 1,2019-01-18 05:56:00,2019-01-29 09:29:00,3-5,2019-01-29 09:29:00,1
445,17,35,Tina Class 1,2019-01-18 09:03:00,2019-01-18 09:03:00,3-5,,0
447,33,116,Efficacy,2019-01-23 17:56:00,2019-01-23 18:00:00,6-10,,0
448,21,47,Pilotos IvÃ¡n Tavera Colombia,2019-01-23 21:08:00,2019-01-23 22:15:00,6-10,2019-01-23 22:15:00,1
449,33,116,Class 4,2019-01-24 10:58:00,2019-01-24 10:58:00,3-5,,0
450,71,283,MEA Nusantara Placement Test,2019-01-25 07:45:00,2019-02-23 04:51:00,1-3,2019-02-23 04:51:00,1
451,17,35,For Foshan Test,2019-01-30 06:13:00,2019-01-30 06:13:00,3-5,,0
452,17,35,For Foshan Test 2,2019-01-30 08:08:00,2019-01-30 08:08:00,1-3,,0
453,17,308,LikeShuo For Felix,2019-02-01 08:34:00,2019-02-01 08:34:00,3-5,,0
454,13,94,HS 6T Feb2019--6th Grade,2019-02-08 05:31:00,2019-03-03 07:03:00,1-3,2019-02-22 06:09:00,1
455,13,94,HS 6M Feb2019--6th Grade,2019-02-08 05:31:00,2019-03-03 07:03:00,1-3,2019-02-15 05:30:00,1
456,33,117,Canada,2019-02-08 14:51:00,2019-02-08 14:51:00,3-5,,0
457,2,6,Class Hyatt Bangkok,2019-02-12 11:10:00,2019-02-12 12:29:00,6-10,2019-02-12 12:29:00,1
458,71,283,MEA Seri Alam One To One (Shelbie),2019-02-14 04:24:00,2019-02-19 06:49:00,1-3,2019-02-19 06:49:00,1
459,73,297,ABM Grade 5,2019-02-15 03:33:00,2019-02-15 03:33:00,3-5,,0
461,73,297,ABM Grade 6,2019-02-15 03:33:00,2019-02-15 03:33:00,3-5,,0
462,73,297,ABM Grade 7,2019-02-15 03:33:00,2019-02-15 03:33:00,3-5,,0
463,73,297,ABM Grade 8,2019-02-15 03:34:00,2019-02-15 03:34:00,3-5,,0
464,71,283,MEA Mutiara Rini Placement Test,2019-02-16 01:51:00,2019-04-22 09:12:00,1-3,2019-04-22 09:12:00,1
465,76,309,Class Test 1,2019-02-18 11:28:00,2019-04-02 11:55:00,6-10,2019-04-02 11:55:00,1
466,71,283,MEA Mount Austin Year 5 Mackerel,2019-02-21 08:16:00,2019-03-25 09:07:00,1-3,2019-02-22 04:41:00,1
467,71,283,MEA Mount Austin Year 4 Cheetah ,2019-02-21 08:22:00,2019-03-25 09:07:00,1-3,2019-02-22 04:43:00,1
468,41,151,Nestor,2019-02-21 18:39:00,2019-02-26 16:56:00,6-10,2019-02-26 16:56:00,1
469,33,119,Demo,2019-02-22 00:39:00,2019-02-22 00:39:00,1-3,,0
470,39,143,Hisar Schools,2019-02-22 11:34:00,2019-02-26 17:30:00,6-10,2019-02-26 17:30:00,1
471,17,35,æ±Ÿè‹åœ°åŒº For Jingwen,2019-02-25 08:16:00,2019-02-28 06:01:00,3-5,2019-02-28 06:01:00,1
472,33,116,JL test class,2019-02-25 14:31:00,2019-02-25 14:31:00,6-10,,0
473,46,175,DEMO,2019-02-25 15:50:00,2019-02-25 15:50:00,6-10,,0
474,21,47,Demo Nestor,2019-02-26 01:32:00,2019-02-26 01:32:00,1-3,,0
475,71,283,MEA Bukit Indah Year 4 Pomegranate,2019-02-26 08:25:00,2019-03-30 08:05:00,1-3,2019-03-30 08:05:00,1
476,71,283,MEA Bukit Indah Placement Test ,2019-02-26 08:28:00,2019-04-05 03:31:00,1-3,2019-04-05 03:31:00,1
477,71,283,MEA Sutera Year 2 Dragonfly,2019-02-26 08:40:00,2019-04-05 10:14:00,1-3,2019-04-05 10:14:00,1
478,71,283,MEA Pelangi Year 4 Sat 2nd Class,2019-02-26 10:56:00,2019-03-30 05:19:00,1-3,2019-03-30 05:19:00,1
479,71,283,MEA Nusantara Year 1 Jackfruit,2019-02-26 11:13:00,2019-04-06 02:05:00,1-3,2019-04-06 02:05:00,1
480,71,283,MEA Nusantara Year 4 Eagle,2019-02-26 11:15:00,2019-03-26 07:51:00,1-3,2019-03-26 07:51:00,1
481,71,283,MEA Kulai Placement Test,2019-02-27 09:03:00,2019-03-29 07:50:00,1-3,2019-03-29 07:50:00,1
482,17,35,Tina for å“è¶Šæ•™è‚²,2019-03-01 08:38:00,2019-03-01 08:38:00,3-5,,0
483,17,35,Chrissie Class 1,2019-03-04 07:33:00,2019-03-04 07:33:00,3-5,,0
484,34,120,Cekmekoy 1-A,2019-03-04 11:41:00,2019-03-05 08:24:00,6-10,2019-03-05 08:24:00,1
485,35,127,Class #3,2019-03-05 09:45:00,2019-03-05 09:45:00,1-3,,0
486,71,283,MEA Bukit Indah One to One Daniel,2019-03-06 04:02:00,2019-04-29 05:49:00,1-3,2019-04-29 05:49:00,1
487,14,15,5 th A 2019,2019-03-06 13:06:00,2019-03-07 18:18:00,6-10,2019-03-07 18:18:00,1
488,14,15,5th B 2019,2019-03-06 13:07:00,2019-03-08 18:22:00,6-10,2019-03-08 18:22:00,1
489,47,179,GEMS WSO Demo ,2019-03-07 05:47:00,2019-03-07 08:24:00,6-10,2019-03-07 08:24:00,1
490,77,313,1:00 AM,2019-03-08 19:49:00,2019-04-05 15:42:00,3-5,2019-04-05 15:42:00,1
491,78,315,01. Primero 1,2019-03-09 14:14:00,2019-03-12 16:52:00,3-5,2019-03-12 16:52:00,1
492,78,315,02. Primero 2,2019-03-09 14:30:00,2019-03-12 16:57:00,3-5,2019-03-12 16:57:00,1
493,78,315,03. Segundo 1,2019-03-09 14:30:00,2019-03-12 19:07:00,3-5,2019-03-12 19:07:00,1
494,78,315,04. Segundo 2,2019-03-09 14:30:00,2019-03-12 19:18:00,3-5,2019-03-12 19:18:00,1
495,78,315,05. Tercero 1,2019-03-09 14:31:00,2019-03-11 20:03:00,3-5,2019-03-11 20:03:00,1
496,78,315,06. Tercero 2,2019-03-09 14:31:00,2019-03-11 16:12:00,3-5,2019-03-11 16:12:00,1
497,78,315,07. Cuarto 1,2019-03-09 14:32:00,2019-03-12 18:07:00,3-5,2019-03-12 18:07:00,1
498,78,315,08. Quinto 1,2019-03-09 14:32:00,2019-03-12 14:22:00,3-5,2019-03-12 14:22:00,1
499,78,315,09. Quinto 2,2019-03-09 14:35:00,2019-03-11 14:39:00,3-5,2019-03-11 14:39:00,1
500,78,315,10. Sexto 1,2019-03-09 14:35:00,2019-03-12 15:39:00,3-5,2019-03-12 15:39:00,1
501,78,315,11. Sexto 2,2019-03-09 14:35:00,2019-03-12 15:39:00,3-5,2019-03-12 15:39:00,1
502,77,313,Demo,2019-03-09 15:20:00,2019-03-09 15:20:00,1-3,,0
503,79,320,First Pilot Test Students,2019-03-11 08:01:00,2019-03-20 07:05:00,3-5,2019-03-20 07:05:00,1
506,71,283,MEA Mutiara Rini Donald Duck,2019-03-11 12:07:00,2019-03-28 07:29:00,1-3,,1
508,71,283,MEA Bukit Indah Year 2 Leopard,2019-03-12 10:52:00,2019-03-26 06:42:00,1-3,2019-03-26 06:42:00,1
509,77,313,1 B,2019-03-12 22:56:00,2019-04-05 16:19:00,3-5,2019-04-05 16:19:00,1
510,77,313,1C,2019-03-12 23:17:00,2019-04-09 18:25:00,3-5,2019-04-09 18:25:00,1
511,77,313,1D,2019-03-12 23:17:00,2019-04-08 15:24:00,3-5,2019-04-08 15:24:00,1
512,77,313,1E,2019-03-12 23:17:00,2019-04-08 13:19:00,3-5,2019-04-08 13:19:00,1
513,77,313,2A,2019-03-12 23:18:00,2019-04-10 17:02:00,3-5,2019-04-10 17:02:00,1
514,77,313,2B,2019-03-12 23:18:00,2019-04-10 13:07:00,3-5,2019-04-10 13:07:00,1
515,77,313,2C,2019-03-12 23:18:00,2019-04-09 14:44:00,3-5,2019-04-09 14:44:00,1
516,77,313,2D,2019-03-12 23:18:00,2019-04-08 16:57:00,3-5,2019-04-08 16:57:00,1
517,77,313,3A,2019-03-12 23:19:00,2019-04-05 13:28:00,3-5,2019-04-05 13:28:00,1
518,77,313,3B,2019-03-12 23:19:00,2019-04-09 19:43:00,3-5,2019-04-09 19:43:00,1
519,77,313,3C,2019-03-12 23:19:00,2019-04-08 18:11:00,3-5,2019-04-08 18:11:00,1
520,77,313,4A,2019-03-12 23:19:00,2019-04-10 14:05:00,3-5,2019-04-10 14:05:00,1
521,77,313,4B,2019-03-12 23:20:00,2019-04-09 15:49:00,3-5,2019-04-09 15:49:00,1
522,77,313,4C,2019-03-12 23:20:00,2019-04-05 17:16:00,3-5,2019-04-05 17:16:00,1
523,77,313,4D,2019-03-12 23:20:00,2019-04-10 17:50:00,3-5,2019-04-10 17:50:00,1
524,80,321,7-A,2019-03-14 12:29:00,2019-03-19 12:37:00,6-10,2019-03-19 12:37:00,1
525,17,35,Tina for ä¸Šä¸­,2019-03-15 08:27:00,2019-03-15 08:27:00,3-5,,0
526,17,35,Tina for åº·æ¡¥,2019-03-15 08:34:00,2019-03-15 08:34:00,3-5,,0
527,17,35,Tina for æµ·äº®,2019-03-15 08:43:00,2019-03-15 08:43:00,3-5,,0
528,17,35,Tina for å’Œå¹³,2019-03-15 08:48:00,2019-03-15 08:48:00,3-5,,0
529,17,35,Tina for åå’Œ,2019-03-15 08:53:00,2019-03-15 08:53:00,3-5,,0
530,17,35,Miller for æ–°ä¸œæ–¹,2019-03-15 08:58:00,2019-03-19 09:16:00,1-3,2019-03-19 09:16:00,1
531,40,147,Singapore Mind Stretcher Pre-School,2019-03-18 03:52:00,2019-03-25 17:03:00,3-5,,0
532,80,322,7-B,2019-03-18 07:39:00,2019-03-19 12:35:00,6-10,2019-03-19 12:35:00,1
533,80,322,7-C,2019-03-18 07:39:00,2019-03-19 09:01:00,6-10,2019-03-19 09:01:00,1
535,21,47,Classe demo 002,2019-03-18 15:57:00,2019-03-18 15:57:00,3-5,,0
536,17,35,Jingwen for æ±Ÿè‹åœ°åŒº,2019-03-19 01:27:00,2019-03-22 09:33:00,3-5,2019-03-22 09:33:00,1
537,17,35,Amy for åº·æ¡¥å›½é™…å­¦æ ¡,2019-03-21 01:45:00,2019-03-21 01:45:00,3-5,,0
539,17,35,Ellen for test,2019-03-22 06:38:00,2019-03-22 09:18:00,3-5,,0
540,71,283,MEA Seri Alam Placement Test,2019-03-22 11:57:00,2019-04-12 04:02:00,1-3,2019-04-12 04:02:00,1
541,71,283,REMOVED NAMES WEEK 20,2019-03-25 08:27:00,2019-03-25 08:27:00,1-3,,0
542,71,283,MEA Mount Austin Year 4 Horse,2019-03-25 11:16:00,2019-04-27 06:45:00,1-3,2019-04-27 06:45:00,1
543,71,283,MEA Mount Austin Year 5 Whale,2019-03-25 11:19:00,2019-04-11 11:26:00,1-3,2019-04-11 11:26:00,1
544,40,147,Singapore Mind Stretcher P1 to P2,2019-03-25 17:05:00,2019-03-25 18:11:00,6-10,,0
545,40,147,Singapore Mind Stretcher P3,2019-03-25 17:54:00,2019-03-25 17:54:00,6-10,,0
546,40,147,Singapore Mind Stretcher P4,2019-03-25 18:00:00,2019-03-25 18:00:00,11-15,,0
547,40,147,Singapore Mind Stretcher P5 to P6,2019-03-25 18:03:00,2019-03-25 18:03:00,15+,,0
550,17,35,Chrissie forr Zhuoyue Edu,2019-03-28 08:59:00,2019-03-28 08:59:00,3-5,,0
551,17,35,Chrissie for è´è´é¾™æ•™è‚²,2019-03-28 09:02:00,2019-03-28 09:02:00,3-5,,0
552,17,35,Chrissie for Langyun,2019-03-28 09:05:00,2019-03-28 09:05:00,3-5,,0
553,17,35,Helen Pilot for BJ,2019-03-28 09:20:00,2019-04-22 16:23:00,3-5,2019-04-22 16:23:00,1
554,17,35,Helen Pilot for SH,2019-03-28 09:28:00,2019-03-28 09:28:00,3-5,,0
555,17,35,Helen Pilot for GZ,2019-03-28 09:32:00,2019-03-28 09:32:00,3-5,,0
556,71,283,MEA Bukit Indah Year 3 Pumpkin,2019-03-28 10:56:00,2019-03-28 10:56:00,1-3,,0
557,71,283,MEA Setia Eco Placement Test ,2019-03-29 06:39:00,2019-04-13 07:25:00,1-3,2019-04-13 07:25:00,1
558,71,283,MEA Mount Austin Year 3 Hedgehog,2019-03-29 09:28:00,2019-04-01 10:02:00,1-3,2019-04-01 10:02:00,1
559,81,326,F30C,2019-03-29 10:28:00,2019-04-27 10:38:00,1-3,2019-04-27 10:38:00,1
560,71,283,MEA Gaya Year 4 Flamingo,2019-03-29 11:11:00,2019-03-30 04:54:00,1-3,2019-03-30 04:54:00,1
561,71,283,MEA Sutera Year 3 Eagle,2019-03-30 02:38:00,2019-03-30 02:40:00,1-3,,1
562,84,332,3-A,2019-04-01 06:51:00,2019-04-13 11:07:00,1-3,2019-04-13 11:07:00,1
563,84,332,3-B,2019-04-01 06:51:00,2019-04-13 11:09:00,1-3,2019-04-13 11:09:00,1
564,84,332,3-C,2019-04-01 06:51:00,2019-04-13 11:15:00,1-3,2019-04-13 11:15:00,1
565,84,332,3-D,2019-04-01 06:51:00,2019-04-13 11:04:00,1-3,2019-04-13 11:04:00,1
566,84,332,3-E,2019-04-01 06:52:00,2019-04-13 11:13:00,1-3,2019-04-13 11:13:00,1
567,84,332,4-A,2019-04-01 06:52:00,2019-04-13 12:40:00,1-3,2019-04-13 12:40:00,1
568,84,332,4-D,2019-04-01 06:52:00,2019-04-13 11:16:00,1-3,2019-04-13 11:16:00,1
569,84,332,5-A,2019-04-01 06:52:00,2019-04-13 12:28:00,1-3,2019-04-13 12:28:00,1
570,84,332,5-B,2019-04-01 06:52:00,2019-04-13 11:15:00,1-3,2019-04-13 11:15:00,1
571,84,332,5-C,2019-04-01 06:53:00,2019-04-13 12:37:00,1-3,2019-04-13 12:37:00,1
572,84,332,5-D,2019-04-01 06:53:00,2019-04-13 12:29:00,1-3,2019-04-13 12:29:00,1
573,84,332,6-B,2019-04-01 06:53:00,2019-04-13 12:42:00,3-5,2019-04-13 12:42:00,1
574,84,332,6-C,2019-04-01 06:54:00,2019-04-13 12:42:00,3-5,2019-04-13 12:42:00,1
575,84,332,6-D,2019-04-01 06:54:00,2019-04-13 12:34:00,3-5,2019-04-13 12:34:00,1
576,84,332,6-E,2019-04-01 06:54:00,2019-04-13 12:42:00,3-5,2019-04-13 12:42:00,1
577,84,332,6-F,2019-04-01 06:54:00,2019-04-13 12:30:00,3-5,2019-04-13 12:30:00,1
578,84,332,7-E,2019-04-01 06:59:00,2019-04-13 12:39:00,3-5,2019-04-13 12:39:00,1
579,84,332,7-G,2019-04-01 06:59:00,2019-04-13 12:45:00,3-5,2019-04-13 12:45:00,1
580,84,332,9-A,2019-04-01 07:00:00,2019-04-01 07:00:00,3-5,,0
581,84,332,9-ANADOLUA,2019-04-01 07:00:00,2019-04-13 12:41:00,6-10,2019-04-13 12:41:00,1
582,84,332,10-FENA,2019-04-01 07:00:00,2019-04-13 12:39:00,6-10,2019-04-13 12:39:00,1
583,17,35,Lisa for Wawii English,2019-04-01 09:27:00,2019-04-01 09:27:00,3-5,,0
584,82,328,7-A,2019-04-02 06:53:00,2019-04-04 07:58:00,3-5,2019-04-04 07:58:00,1
585,82,328,7-B,2019-04-02 06:53:00,2019-04-04 09:02:00,3-5,2019-04-04 09:02:00,1
586,82,328,7-C,2019-04-02 06:53:00,2019-04-04 11:19:00,3-5,2019-04-04 11:19:00,1
587,82,328,7-D,2019-04-02 06:53:00,2019-04-08 05:55:00,3-5,2019-04-08 05:55:00,1
588,37,88,Test class,2019-04-02 07:32:00,2019-04-02 07:32:00,6-10,,0
589,17,35,Tina for Fudanfuzhong,2019-04-03 03:01:00,2019-04-03 03:01:00,6-10,,0
590,17,35,Tina for HangzhouWahaha,2019-04-03 03:02:00,2019-04-03 03:02:00,6-10,,0
591,17,35,Tina for Zhongxin,2019-04-03 03:02:00,2019-04-03 03:02:00,6-10,,0
592,71,283,MEA Impian Emas One to One,2019-04-03 07:44:00,2019-04-03 07:44:00,1-3,,0
593,71,283,MEA Impian Emas Year 5 Ficus,2019-04-03 07:59:00,2019-04-03 07:59:00,1-3,,0
594,71,283,MEA Gaya Year 3 Goose,2019-04-03 09:31:00,2019-04-05 05:56:00,1-3,2019-04-05 05:56:00,1
595,13,94,Gakken Cram School Pilot,2019-04-04 01:35:00,2019-04-04 01:35:00,1-3,,0
596,17,35,Chrissie for Chuangxiankejiao,2019-04-04 07:30:00,2019-04-04 07:30:00,3-5,,0
597,83,330,5-TESLA,2019-04-05 12:48:00,2019-04-08 10:16:00,1-3,2019-04-08 10:16:00,1
598,83,330,6-ORWELL,2019-04-05 12:49:00,2019-04-08 10:18:00,3-5,2019-04-08 10:18:00,1
599,83,330,7-MANDELA,2019-04-05 12:49:00,2019-04-08 12:32:00,3-5,2019-04-08 12:32:00,1
600,83,330,7-KING,2019-04-05 12:49:00,2019-04-08 12:28:00,3-5,2019-04-08 12:28:00,1
601,83,330,7-GANDHI,2019-04-05 12:49:00,2019-04-08 12:28:00,3-5,2019-04-08 12:28:00,1
602,83,330,8-MIXED,2019-04-05 12:49:00,2019-04-08 08:42:00,3-5,2019-04-08 08:42:00,1
603,85,334,4-A,2019-04-08 10:21:00,2019-04-17 07:16:00,1-3,2019-04-17 07:16:00,1
604,85,334,4-B,2019-04-08 10:21:00,2019-04-17 08:03:00,1-3,2019-04-17 08:03:00,1
605,85,334,4-C,2019-04-08 10:21:00,2019-04-17 08:48:00,1-3,2019-04-17 08:48:00,1
606,85,334,5-A,2019-04-08 10:21:00,2019-04-17 09:41:00,1-3,2019-04-17 09:41:00,1
607,85,334,5-B,2019-04-08 10:21:00,2019-04-17 09:38:00,1-3,2019-04-17 09:38:00,1
608,85,334,5-C,2019-04-08 10:21:00,2019-04-17 09:42:00,1-3,2019-04-17 09:42:00,1
609,85,334,6-A,2019-04-08 10:21:00,2019-04-16 12:15:00,3-5,2019-04-16 12:15:00,1
610,85,334,6-B,2019-04-08 10:22:00,2019-04-17 10:06:00,3-5,2019-04-17 10:06:00,1
611,85,334,6-C,2019-04-08 10:22:00,2019-04-17 09:41:00,3-5,2019-04-17 09:41:00,1
612,85,334,7-A,2019-04-08 10:22:00,2019-04-17 09:40:00,3-5,2019-04-17 09:40:00,1
613,85,334,7-B,2019-04-08 10:22:00,2019-04-17 10:09:00,3-5,2019-04-17 10:09:00,1
614,85,334,7-C,2019-04-08 10:22:00,2019-04-17 09:34:00,3-5,2019-04-17 09:34:00,1
615,85,334,7-D,2019-04-08 10:22:00,2019-04-17 09:44:00,3-5,2019-04-17 09:44:00,1
616,85,334,7-E,2019-04-08 10:23:00,2019-04-17 09:33:00,3-5,2019-04-17 09:33:00,1
617,71,283,MEA Bukit Indah  Year 5 Fig,2019-04-10 07:56:00,2019-04-13 07:22:00,1-3,2019-04-13 07:22:00,1
618,81,326,F10C,2019-04-11 07:44:00,2019-04-21 03:31:00,3-5,2019-04-21 03:31:00,1
619,16,28,test,2019-04-11 15:14:00,2019-04-11 15:14:00,15+,,0
620,16,28,4Â° 2019,2019-04-14 14:21:00,2019-04-16 12:49:00,6-10,2019-04-16 12:49:00,1
621,16,28,5Â° 2019,2019-04-14 14:35:00,2019-04-16 14:49:00,6-10,2019-04-16 14:49:00,1
622,16,28,6Â° 2019,2019-04-14 14:45:00,2019-04-16 15:38:00,6-10,2019-04-16 15:38:00,1
623,16,28,7Â° 2019,2019-04-14 14:51:00,2019-04-15 15:23:00,6-10,2019-04-15 15:23:00,1
624,17,35,Chrissie for ZhuhaiTianHao,2019-04-15 06:35:00,2019-04-15 06:35:00,3-5,,0
625,71,283,MEA Sutera Year 1 Nut ,2019-04-15 09:24:00,2019-04-15 09:26:00,1-3,,1
626,40,147,Malaysia Sample Test,2019-04-16 07:25:00,2019-04-16 07:25:00,6-10,,0
627,71,283,MEA Impian Emas Placement Test,2019-04-18 03:17:00,2019-04-19 07:34:00,1-3,2019-04-19 07:34:00,1
628,86,340,5-A,2019-04-18 10:20:00,2019-04-24 06:41:00,1-3,2019-04-24 06:41:00,1
629,86,340,5-B,2019-04-18 10:20:00,2019-04-20 07:56:00,1-3,2019-04-20 07:56:00,1
630,86,340,5-C,2019-04-18 10:20:00,2019-04-20 07:58:00,1-3,2019-04-20 07:58:00,1
631,86,340,6-A,2019-04-18 10:21:00,2019-04-20 08:47:00,3-5,2019-04-20 08:47:00,1
632,86,340,6-B,2019-04-18 10:21:00,2019-04-20 09:55:00,3-5,2019-04-20 09:55:00,1
633,86,340,7-A,2019-04-18 10:21:00,2019-04-24 06:41:00,3-5,2019-04-24 06:41:00,1
634,86,340,7-B,2019-04-18 10:21:00,2019-04-24 06:40:00,3-5,2019-04-24 06:40:00,1
635,86,340,7-C,2019-04-18 10:21:00,2019-04-24 06:37:00,3-5,2019-04-24 06:37:00,1
636,71,283,MEA Seri Alam Year 4 Aurora,2019-04-19 02:55:00,2019-04-19 02:57:00,1-3,,1
637,87,343,4-A,2019-04-19 11:59:00,2019-04-24 10:43:00,6-10,2019-04-24 10:43:00,1
638,87,343,4-B,2019-04-19 11:59:00,2019-04-24 09:06:00,6-10,2019-04-24 09:06:00,1
639,87,343,4-C,2019-04-19 11:59:00,2019-04-24 10:50:00,6-10,2019-04-24 10:50:00,1
640,89,355,5-A,2019-04-23 11:03:00,2019-04-25 08:33:00,1-3,2019-04-25 08:33:00,1
641,89,355,5-B,2019-04-23 11:03:00,2019-04-25 10:53:00,1-3,2019-04-25 10:53:00,1
642,89,355,5-C,2019-04-23 11:03:00,2019-04-25 07:43:00,1-3,2019-04-25 07:43:00,1
643,89,355,6-A,2019-04-23 11:03:00,2019-04-25 11:49:00,3-5,2019-04-25 11:49:00,1
644,89,355,6-B,2019-04-23 11:03:00,2019-04-25 09:36:00,3-5,2019-04-25 09:36:00,1
645,89,355,6-C,2019-04-23 11:04:00,2019-04-25 08:36:00,3-5,2019-04-25 08:36:00,1
646,89,355,7-A,2019-04-23 11:04:00,2019-04-24 08:00:00,3-5,2019-04-24 08:00:00,1
647,89,355,7-B,2019-04-23 11:04:00,2019-04-24 13:31:00,3-5,2019-04-24 13:31:00,1
648,89,355,7-C,2019-04-23 11:04:00,2019-04-24 11:51:00,3-5,2019-04-24 11:51:00,1
649,89,355,7-D,2019-04-23 11:04:00,2019-04-24 10:48:00,3-5,2019-04-24 10:48:00,1
650,89,355,7-E,2019-04-23 11:04:00,2019-04-24 08:57:00,3-5,2019-04-24 08:57:00,1
651,17,35,ChrissieOu for FLIS,2019-04-24 06:35:00,2019-04-24 06:35:00,3-5,,0
652,40,147,ID-ALI-STEP UP,2019-04-25 05:05:00,2019-04-25 10:48:00,1-3,2019-04-25 10:48:00,1
653,40,147,Pinnacle,2019-04-28 12:54:00,2019-04-28 12:54:00,1-3,,0
654,40,147,Pinnacle 02,2019-04-29 02:49:00,2019-04-29 02:49:00,1-3,,0
655,40,361,Ali1,2019-04-29 03:10:00,2019-04-29 03:10:00,1-3,,0
